<?xml version='1.0' encoding='utf-8'?>
<archive xmlns="http://rs.tdwg.org/dwc/text/" metadata="eml.xml">
    <core encoding="UTF-8" fieldsTerminatedBy="\t" linesTerminatedBy="\n" fieldsEnclosedBy='' ignoreHeaderLines="0" rowType="http://rs.tdwg.org/dwc/terms/Taxon">
        <files>
            <location>taxa.txt</location>
        </files>
        <id index="0" />
        <field index="1" term="http://rs.tdwg.org/dwc/terms/scientificName"/>
        <field index="2" term="http://rs.tdwg.org/dwc/terms/taxonRank"/>
        <field index="3" term="http://rs.tdwg.org/dwc/terms/parentNameUsageID"/>
        <field index="4" term="http://rs.tdwg.org/dwc/terms/acceptedNameUsageID"/>
    </core>
    <extension encoding="UTF-8" fieldsTerminatedBy="\t" linesTerminatedBy="\n" fieldsEnclosedBy='' ignoreHeaderLines="0" rowType="http://rs.gbif.org/terms/1.0/VernacularName">
        <files>
            <location>vernacular.txt</location>
        </files>
        <coreid index="0" />
        <field index="1" term="http://rs.tdwg.org/dwc/terms/vernacularName"/>
        <field index="2" term="http://purl.org/dc/terms/language"/>
        <field index="3" term="http://rs.tdwg.org/dwc/terms/locality"/>
        <field index="4" term="http://rs.tdwg.org/dwc/terms/lifeStage"/>
        <field index="5" term="http://rs.tdwg.org/dwc/terms/sex"/>
    </extension>    
</archive>